{"cameraMode":{"drawMode":0,"name":"Shaded","section":"Shading Mode"},"sceneLighting":false,"audioPlay":false,"sceneViewState":{"showFog":true,"showMaterialUpdate":false,"showSkybox":false,"showFlares":true,"showImageEffects":true,"showParticleSystems":true},"in2DMode":false,"pivot":{"x":0.016754820942878724,"y":0.8037985563278198,"z":0.009494751691818238},"rotation":{"x":0.4026769995689392,"y":0.20449770987033845,"z":-0.09279872477054596,"w":0.8873671293258667},"size":1.2877697944641114,"orthographic":false}