{"cameraMode":{"drawMode":0,"name":"Shaded","section":"Shading Mode"},"sceneLighting":false,"audioPlay":false,"sceneViewState":{"showFog":true,"showMaterialUpdate":false,"showSkybox":false,"showFlares":true,"showImageEffects":true,"showParticleSystems":true},"in2DMode":false,"pivot":{"x":-2.681373357772827,"y":1.0209410190582276,"z":-8.038554191589356},"rotation":{"x":0.26870861649513247,"y":0.3884205222129822,"z":-0.11951474845409394,"w":0.8732982873916626},"size":0.8909768462181091,"orthographic":false}