{"cameraMode":{"drawMode":0,"name":"Shaded","section":"Shading Mode"},"sceneLighting":false,"audioPlay":false,"sceneViewState":{"showFog":true,"showMaterialUpdate":false,"showSkybox":false,"showFlares":true,"showImageEffects":true,"showParticleSystems":true},"in2DMode":false,"pivot":{"x":-0.04200005531311035,"y":0.7949329614639282,"z":-0.07045238465070725},"rotation":{"x":0.4026769995689392,"y":0.20449770987033845,"z":-0.09279872477054596,"w":0.8873671293258667},"size":1.1434788703918458,"orthographic":false}